Summit_158272.xlsx,
Summit_158274.xlsx,
Summit_158305_P1.xlsx,
Summit_158305_P2_M01_D01.xlsx,
Summit_158277_P1.xlsx,
Summit_158277_P2_M01_D01.xlsx,
Summit_158279.xlsx,
Summit_158280_P1.xlsx,
Summit_158280_P2_M01_D01.xlsx,
Summit_158285.xlsx,
Summit_158286.xlsx,
Summit_158289_P1.xlsx,
Summit_158289_P2_M01_D01.xlsx,
Summit_158290.xlsx,
Summit_158291_P1.xlsx,
Summit_158291_P2_M01_D01.xlsx,
Summit_158293_P1.xlsx,
Summit_158293_P2_M01_D01.xlsx,
Summit_158294_P1.xlsx,
Summit_158294_P2_M01_D01.xlsx,
Summit_158295_P1.xlsx,
Summit_158295_P2_M01_D01.xlsx,
Summit_158296.xlsx,
Summit_158297_P1.xlsx,
Summit_158297_P2_M01_D01.xlsx,
Summit_158297_P2_M01_D01.xlsx,
Job_BCAS_158297_P3_M01_D01.xlsx,
Summit_158297_P4_M01_D01_Post_BCAS.xlsx,
Summit_158299_P1.xlsx,
Summit_158299_P2_M01_D01.xlsx,
Summit_158301.xlsx,
Summit_158302_P1.xlsx,
Summit_158302_P2_M01_D01.xlsx,
Summit_158303_P1.xlsx,
Summit_158303_P2_M01_D01.xlsx,
Summit_158304_P1.xlsx,
Summit_158304_P2_M01_D01.xlsx,
Summit_158306_P1.xlsx,
Summit_158306_P2_M01_D01.xlsx,
Summit_158308_P1.xlsx,
Summit_158308_P2_M01_D01.xlsx,
Summit_158309_P1.xlsx,
Summit_158309_P2_M01_D01.xlsx,
Summit_158310_P1.xlsx,
Summit_158310_P2_M01_D01.xlsx,
Summit_158311_P1.xlsx,
Summit_158311_P2_M01_D01.xlsx,
Summit_158312_P1.xlsx,
Summit_158312_P2_M01_D01.xlsx,
Summit_158314_P1.xlsx,
Summit_158314_P2_M01_D01.xlsx,
Summit_158349_P1.xlsx,
Summit_158349_P2_M01_D01.xlsx,
Summit_158350_P1.xlsx,
Summit_158350_P2_M01_D01.xlsx,
Summit_158351_P1.xlsx,
Summit_158351_P2_M01_D01.xlsx,
Summit_158352_P1.xlsx,
Summit_158352_P2_M01_D01.xlsx,
Summit_158356_P1.xlsx,
Summit_158356_P2_M01_D01.xlsx,
Summit_158357_P1.xlsx,
Summit_158357_P2_M01_D01.xlsx,
Summit_158358_P1.xlsx,
Summit_158358_P2_M01_D01.xlsx,
Summit_158359_P1.xlsx,
Summit_158359_P2_M01_D01.xlsx,
Summit_158360_P1.xlsx,
Summit_158360_P2_M01_D01.xlsx,
Summit_158361_P1.xlsx,
Summit_158361_P2_M01_D01.xlsx,
Summit_158363_P1.xlsx,
Summit_158363_P2_M01_D01.xlsx,
Summit_158364.xlsx,
Summit_158365_P1.xlsx,
Summit_158365_P2_M01_D01.xlsx,
Summit_158366_P1.xlsx,
Summit_158366_P2_M01_D01.xlsx,
Summit_158367_P1.xlsx,
Summit_158367_P2_M01_D01.xlsx,
Summit_158369_P1.xlsx,
Summit_158369_P2_M01_D01.xlsx,
Summit_158370.xlsx,
Summit_158371_P1.xlsx,
Summit_158371_P2_M01_D01.xlsx,
Summit_158372.xlsx,
Summit_158373_P1.xlsx,
Summit_158373_P2_M01_D01.xlsx,
Summit_158374_P1.xlsx,
Summit_158374_P2_M01_D01.xlsx,
Summit_158375_P1.xlsx,
Summit_158375_P2_M01_D01.xlsx,
JobScheduled_Daily_PreEOD.xlsx,
JobScheduled_Daily_EOD.xlsx,
Summit_158305_P3_M01_D15.xlsx,
Summit_158277_P3_M01_D15.xlsx,
Summit_158280_P3_M01_D15.xlsx,
Summit_158289_P3_M01_D15.xlsx,
Summit_158291_P3_M01_D15.xlsx,
Summit_158293_P3_M01_D15.xlsx,
Summit_158294_P3_M01_D15.xlsx,
Summit_158295_P3_M01_D15.xlsx,
Summit_158299_P3_M01_D15.xlsx,
Summit_158350_P3_M01_D15.xlsx,
Summit_158356_P3_M01_D15.xlsx,
Summit_158369_P3_M01_D15.xlsx,
Summit_158371_P3_M01_D15.xlsx,
Summit_158373_P3_M01_D15.xlsx,
Summit_158375_P4_M01_D15.xlsx,
JobCommon_OMYP_Soc1.xlsx,
Summit_158302_P4_M01_D15_Post_OMYP.xlsx,
Summit_158303_P4_M01_D15_Post_OMYP.xlsx,
Summit_158304_P4_M01_D15_Post_OMYP.xlsx,
Summit_158306_P4_M01_D15_Post_OMYP.xlsx,
Summit_158308_P4_M01_D15_Post_OMYP.xlsx,
Summit_158309_P4_M01_D15_Post_OMYP.xlsx,
Summit_158310_P4_M01_D15_Post_OMYP.xlsx,
Summit_158311_P4_M01_D15_Post_OMYP.xlsx,
Summit_158312_P4_M01_D15_Post_OMYP.xlsx,
Summit_158314_P4_M01_D15_Post_OMYP.xlsx,
Summit_158349_P4_M01_D15_Post_OMYP.xlsx,
Summit_158351_P4_M01_D15_Post_OMYP.xlsx,
Summit_158352_P4_M01_D15_Post_OMYP.xlsx,
Summit_158357_P4_M01_D15_Post_OMYP.xlsx,
Summit_158358_P4_M01_D15_Post_OMYP.xlsx,
Summit_158359_P4_M01_D15_Post_OMYP.xlsx,
Summit_158360_P4_M01_D15_Post_OMYP.xlsx,
Summit_158365_P4_M01_D15_Post_OMYP.xlsx,
Summit_158366_P4_M01_D15_Post_OMYP.xlsx,
Summit_158367_P4_M01_D15_Post_OMYP.xlsx,
Summit_158374_P4_M01_D15_Post_OMYP.xlsx,
Job_BCAS_158357_P5_M01_D15.xlsx,
Summit_158357_P6_M01_D15_Post_BCAS.xlsx, 
Job_BCAS_158369_P4_M01_D15.xlsx,
Summit_158369_P5_M01_D15_Post_BCAS.xlsx,
JobScheduled_Daily_PreEOD.xlsx,
JobScheduled_Daily_EOD.xlsx,
Summit_158305_P4_M01_D30.xlsx,
Summit_158289_P4_M01_D30.xlsx,
Summit_158294_P4_M01_D30.xlsx,
Summit_158303_P5_M01_D30.xlsx,
Summit_158306_P5_M01_D30.xlsx,
Summit_158310_P5_M01_D30.xlsx,
Summit_158311_P5_M01_D30.xlsx,
Summit_158312_P5_M01_D30.xlsx,
Summit_158350_P4_M01_D30.xlsx,
Summit_158352_P5_M01_D30.xlsx,
Summit_158356_P4_M01_D30.xlsx,
Summit_158358_P5_M01_D30.xlsx,
Summit_158366_P5_M01_D30_Post_TRPP.xlsx,
Summit_158373_P4_M01_D30.xlsx,
Summit_158374_P5_M01_D30.xlsx