Activate_145690.xlsx,
Activate_145519.xlsx,
Activate_145530.xlsx,
Activate_145556.xlsx,
Activate_145557.xlsx,
Activate_145561.xlsx,
Activate_145568.xlsx,
Activate_145582.xlsx,
Activate_145766.xlsx,
Activate_145614.xlsx,
Summit_Activate_145709.xlsx,
Summit_Activate_145563.xlsx,
Summit_Activate_146715.xlsx,
Summit_Activate_153347.xlsx,
Summit_Activate_145440.xlsx,
Activate_145151.xlsx,
Activate_145152.xlsx,
Activate_145171.xlsx,
Activate_145172.xlsx,
Activate_145173.xlsx,
Activate_145177.xlsx,
Activate_145178.xlsx,
Activate_145526.xlsx,
Activate_145527.xlsx,
Activate_145543.xlsx,
Activate_145565.xlsx,
Activate_145672.xlsx,
Activate_145682.xlsx,
Activate_145525.xlsx,
Activate_145517.xlsx,
Activate_145585.xlsx,
Activate_145559.xlsx,
Activate_145180.xlsx,
Activate_145534.xlsx,
Activate_145524.xlsx,
Summit_Activate_145702.xlsx,
Activate_145210.xlsx,
Summit_Activate_145205.xlsx,
Summit_Activate_145199.xlsx,
Summit_Activate_145662.xlsx,
Activate_145652.xlsx,
Activate_145583.xlsx,
Activate_145560.xlsx,
Activate_145609.xlsx,
Activate_145533.xlsx,
Activate_145189.xlsx,
Activate_145544.xlsx,
Activate_145765.xlsx,
Activate_145768.xlsx,
Summit_Activate_145833.xlsx,
Activate_145537.xlsx,
Activate_145538.xlsx,
Activate_145541.xlsx,
Summit_Activate_145832.xlsx,Failed in MSS6.0
Summit_Activate_145831.xlsx,
Summit_Activate_145636.xlsx,
Activate_145660.xlsx,
Activate_145155.xlsx,
Activate_145169.xlsx,
Activate_145659.xlsx,
Activate_145655.xlsx,
Activate_145625.xlsx,
Activate_145616.xlsx,
Activate_145617.xlsx,
Activate_145771.xlsx,
Activate_145624.xlsx,
Activate_145681.xlsx,
Activate_145781.xlsx,
Activate_145779.xlsx,
Activate_145669.xlsx,
Activate_145232.xlsx,
Activate_145680.xlsx,
Activate_145231.xlsx,
Activate_145184.xlsx,
Activate_145688.xlsx,
Activate_145687.xlsx,
Activate_145193.xlsx,
Activate_145725.xlsx,
Activate_145183.xlsx,
Activate_153183.xlsx,
Activate_145628.xlsx,
Activate_145778.xlsx,
Activate_145540.xlsx,
Activate_145195.xlsx,
Activate_145437.xlsx,
Activate_145654.xlsx,