Summit_145224.xlsx,
Summit_145697.xlsx,
Summit_146559.xlsx,
Summit_146560.xlsx,
Summit_146801.xlsx,
Summit_145227.xlsx,
Summit_145698.xlsx,
Summit_146819.xlsx,
Summit_146820.xlsx,
Summit_146822.xlsx,
Summit_146823.xlsx,
Summit_145042.xlsx,
Summit_145073.xlsx,
Summit_145218.xlsx,
Summit_144940.xlsx,
Summit_145736.xlsx,
Summit_144649.xlsx,
Summit_144650.xlsx,
Summit_144385.xlsx,
Summit_144440.xlsx,
Summit_144519.xlsx,
Summit_144520.xlsx,
Summit_144629.xlsx,
Summit_144638.xlsx,
Summit_145038.xlsx,
Summit_144991.xlsx,
Summit_145757.xlsx,
Summit_145752.xlsx,
Summit_144910.xlsx,
Summit_144913.xlsx,
Summit_144648.xlsx,
Summit_144956.xlsx,
Summit_146834.xlsx,
Summit_146799.xlsx,
Summit_146792.xlsx,
Summit_146902.xlsx,
Summit_145219.xlsx,
Summit_146901.xlsx,
Summit_146769.xlsx,
Summit_144876.xlsx,
Summit_144879.xlsx,
Summit_144911.xlsx,
Summit_145077.xlsx,Needs to modify script
Summit_145099.xlsx,
Summit_145110.xlsx,
Summit_145122.xlsx,
Summit_145133.xlsx,
Summit_146797.xlsx,
Summit_144923.xlsx,
Summit_145758.xlsx,
Summit_147101.xlsx,
Summit_146677.xlsx,
Summit_146770.xlsx,
Summit_144640.xlsx,
Summit_146719.xlsx,
Summit_146707.xlsx,
Summit_145107.xlsx,
Summit_144641.xlsx,
Summit_144645.xlsx,
