Summit_Activate_145578_P1.xlsx,
Activate_145204_P1.xlsx,
Summit_145701_P1.xlsx,
Summit_145089_P1.xlsx,
Summit_145251_P1.xlsx,
Summit_145253_P1.xlsx,
Summit_145083_P1.xlsx,
Summit_145255_P1.xlsx,
Summit_145075_P1.xlsx,
Summit_145213_P1.xlsx,
Summit_145215_P1.xlsx,
Summit_145217_P1.xlsx,
Summit_145670_P1.xlsx,
Summit_145695_P1.xlsx,
Summit_145696_P1.xlsx,
Summit_145703_P1.xlsx,
Summit_145704_P1.xlsx,
Summit_Activate_145424_P1.xlsx,
Summit_Activate_145425_P1.xlsx,
Summit_Activate_145426_P1.xlsx,
Summit_Activate_145428_P1.xlsx,
Summit_Activate_145421_P1.xlsx,
Summit_Activate_145427_P1.xlsx,
Activate_145551_P1.xlsx,
Summit_145079_P1.xlsx,
Summit_145079_P2_M01_D01.xlsx,
Job_DEPL_145079_P3_M01_D01.xlsx,
Summit_145079_P4_M01_D01_Post_DEPL.xlsx,
Summit_145081_P1.xlsx,
Summit_145695_P2_M01_D01.xlsx,
Summit_145089_P2_M01_D01.xlsx,
Summit_145075_P2_M01_D01.xlsx,
Summit_145248_P1_M01_D01_SIACIL_Sanity.xlsx,
Summit_145249_P1_M01_D01_SIAAEM_Sanity.xlsx,
Summit_145213_P2_M01_D01.xlsx,
Summit_145215_P2_M01_D01.xlsx,
Summit_145217_P2_M01_D01.xlsx,
Summit_145225_P1.xlsx,
Summit_145225_P2_M01_D01.xlsx,
Job_BCAS_145225_P3_M01_D01.xlsx,
Summit_145225_P4_M01_D01_Post_BCAS.xlsx,
Summit_Activate_145285_P1.xlsx,
Summit_Activate_145290_P1.xlsx,
Activate_145663_P1.xlsx,Disabled - PreReq contains JOB
Activate_145667_P1.xlsx,Disabled - PreReq contains JOB
Activate_145663_P2_M01_D01.xlsx,
Activate_145678_P1.xlsx,
Activate_145277_P1.xlsx,
Activate_145281_P1.xlsx,
Summit_Activate_145668_P1.xlsx,
Activate_145627_P1.xlsx,
Activate_145230_P1.xlsx,
JobScheduled_Daily_PreEOD.xlsx,
Activate_145590_P1_M01_D01.xlsx,
JobCommon_MRP_Insurance_Flat_File_Generation.xlsx,
Activate_145590_P3_M01_D01.xlsx,
Activate_145239_P1.xlsx,
Summit_Activate_145282_P1.xlsx,
Activate_145247_P1.xlsx,
Activate_145641_P1.xlsx,
JobScheduled_Daily_EOD.xlsx,
JobScheduled_Daily_EOD_Soc2.xlsx, 
JobScheduled_Daily_StartOfDay.xlsx,
JobScheduled_Monthly_MidOfMonth.xlsx,
Summit_Activate_145578_P2_M01_D15.xlsx,
Summit_145701_P2_M01_D15.xlsx,
Summit_145696_P2_M01_D15.xlsx,
Summit_145695_P3_M01_D15.xlsx,
Summit_145089_P3_M01_D15.xlsx,
Summit_145083_P2_M01_D15.xlsx,
Summit_145075_P3_M01_D15.xlsx,
Job_BCAS_145213_P3_M01_D15.xlsx,
Summit_145213_P4_M01_D15_Post_BCAS.xlsx,
Job_BCAS_145215_P3_M01_D15.xlsx,
Summit_145215_P4_M01_D15_Post_BCAS.xlsx,
Job_BCAS_145217_P3_M01_D15.xlsx,
Summit_145217_P4_M01_D15_Post_BCAS.xlsx,
JobCommon_DEBR_Soc1.xlsx,
Summit_145089_P5_M01_D15_Post_DEBR.xlsx,
Activate_145551_P2_M01_D15.xlsx,
Activate_145678_P2_M01_D15.xlsx,
Activate_145277_P2_M01_D15.xlsx,
Summit_Activate_145668_P2_M01_D15.xlsx,
JobScheduled_Daily_PreEOD.xlsx,
Activate_145239_P2_M01_D15.xlsx,
Activate_145247_P2_M01_D15.xlsx,
Activate_145641_P2_M01_D15.xlsx,
JobScheduled_Daily_EOD.xlsx,
JobScheduled_Daily_EOD_Soc2.xlsx, 
JobScheduled_Daily_StartOfDay.xlsx,
Activate_145641_P3_M01_D30.xlsx,
Summit_145696_P3_M01_D30.xlsx,
Job_CUTAB_145081_P2_M01_D30.xlsx,
Summit_145081_P3_M01_D30_Post_CUTAB.xlsx,
Job_CUTAB_145081_P4_M01_D30.xlsx,
Summit_145081_P5_M01_D30_Post_CUTAB.xlsx,
JobScheduled_Daily_PreEOD.xlsx,
Summit_Society_Dates_For_Jobs.xlsx,
Summit_Society_Dates_For_Jobs_Soc2.xlsx,
Activate_145281_P2_M01_D30.xlsx,
Summit_Activate_145668_P3_M01_D30.xlsx,
JobScheduled_Daily_EOD.xlsx,
JobScheduled_Daily_EOD_Soc2.xlsx, 
JobScheduled_Yearly_FirstDayOfYear.xlsx,
JobScheduled_Daily_StartOfDay.xlsx,
Activate_145678_P3_M02_D01.xlsx,
Activate_145204_P2_M02_D01.xlsx,
Activate_145627_P2_M02_D01.xlsx,
Activate_145230_P2_M02_D01.xlsx,
JobCommon_BTLX_Phase2.xlsx,
Summit_Activate_145424_P2_M02_D01_Post_MLER.xlsx,
Summit_Activate_145426_P2_M02_D01_Post_MLER.xlsx,
Summit_Activate_145428_P2_M02_D01_Post_MLER.xlsx,
Summit_Activate_145421_P2_M02_D01_Post_MLER.xlsx,
Summit_Activate_145427_P2_M02_D01_Post_MLER.xlsx,
Summit_145251_P2_M02_D01_Post_ARD.xlsx,
Summit_145253_P2_M02_D01_Post_ARD.xlsx,
Summit_145255_P2_M02_D01_Post_ARD.xlsx,
Summit_145703_P2_M02_D01_Post_ARD.xlsx,
Summit_145704_P2_M02_D01_Post_ARD.xlsx,
Summit_145670_P2_M02_D01_Post_INPD.xlsx,
Summit_Activate_145285_P2_M02_D01_Post_BTLX.xlsx,
Summit_Activate_145290_P2_M02_D01_Post_BTLX.xlsx,
JobScheduled_Daily_PreEOD.xlsx,
Activate_145663_P3_M02_D01.xlsx,
Activate_145281_P3_M02_D01.xlsx,
Summit_Activate_145282_P2_M02_D01.xlsx,
JobScheduled_Daily_EOD.xlsx,
JobScheduled_Daily_EOD_Soc2.xlsx, 
JobScheduled_Daily_StartOfDay.xlsx,
JobScheduled_Monthly_MidOfMonth.xlsx,
JobCommon_BTLG_Phase2.xlsx,
Summit_Activate_145285_P3_M02_D15_Post_BTLG.xlsx,
Summit_145703_P3_M02_D15_Post_FMEXT_FMBACS_FMPOST.xlsx,
Summit_145704_P3_M02_D15_Post_FMEXT_FMBACS_FMPOST.xlsx,
JobScheduled_Daily_PreEOD.xlsx,
Activate_145663_P4_M02_D15.xlsx,
Activate_145667_P2_M02_D15.xlsx,
JobScheduled_Daily_EOD.xlsx,
JobScheduled_Daily_EOD_Soc2.xlsx, 
JobScheduled_Daily_StartOfDay.xlsx,
JobCommon_XVAL_Phase2.xlsx,
Summit_Activate_145285_P4_M02_D30_Post_XVAL.xlsx,
Activate_145204_P3_M02_D30.xlsx,
JobScheduled_Daily_PreEOD.xlsx,
Summit_Society_Dates_For_Jobs.xlsx,
Summit_Society_Dates_For_Jobs_Soc2.xlsx,
JobScheduled_Daily_EOD.xlsx,
JobScheduled_Daily_EOD_Soc2.xlsx, 
JobScheduled_Monthly_FirstDayOfMonth.xlsx,
JobScheduled_Daily_StartOfDay.xlsx,
Summit_Activate_145425_P2_M03_D01.xlsx,
Summit_Activate_145303_P1_M03_D01.xlsx,
Summit_Activate_145303_P2_M03_D01.xlsx,
Summit_Activate_145287_P1_M03_D01.xlsx,
Summit_Activate_145289_P1_M03_D01.xlsx,
JobScheduled_Daily_PreEOD.xlsx,
Activate_145663_P5_M03_D01.xlsx,
Activate_145667_P3_M03_D01.xlsx,
Activate_145627_P3_M03_D01.xlsx,
Activate_145230_P3_M03_D01.xlsx,
Summit_Activate_145282_P3_M03_D01.xlsx,
JobScheduled_Daily_EOD.xlsx,
JobScheduled_Daily_EOD_Soc2.xlsx, 
JobScheduled_Daily_StartOfDay.xlsx,
JobScheduled_Monthly_MidOfMonth.xlsx,
Summit_145703_P4_M03_D15_Post_FMEXT_FMBACS_FMPOST.xlsx,
Summit_145704_P4_M03_D15_Post_FMEXT_FMBACS_FMPOST.xlsx,
JobScheduled_Daily_PreEOD.xlsx,
JobScheduled_Daily_EOD.xlsx,
JobScheduled_Daily_EOD_Soc2.xlsx, 
JobScheduled_Daily_StartOfDay.xlsx,
JobScheduled_Daily_PreEOD.xlsx,
Summit_Society_Dates_For_Jobs.xlsx,
Summit_Society_Dates_For_Jobs_Soc2.xlsx,
JobScheduled_Daily_EOD.xlsx,
JobScheduled_Daily_EOD_Soc2.xlsx, 
JobScheduled_Monthly_FirstDayOfMonth.xlsx,Needed for 153191 TC
JobScheduled_Daily_StartOfDay.xlsx,Needed for 153191 TC
JobScheduled_Daily_PreEOD.xlsx,Needed for 153191 TC
JobCommon_BTLX_Phase1.xlsx,
Summit_Activate_145303_P4_M04_D01_Post_BTLX.xlsx,
Summit_Activate_145287_P2_M04_D01_Post_BTLX.xlsx,
Summit_Activate_145289_P2_M04_D01_Post_BTLX.xlsx,
JobScheduled_Daily_EOD.xlsx,
JobScheduled_Daily_EOD_Soc2.xlsx, 
#JobScheduled_Daily_StartOfDay.xlsx,
#JobScheduled_Monthly_MidOfMonth.xlsx,
JobCommon_BTLG_Phase1.xlsx,
Summit_Activate_145303_P6_M04_D15_Post_BTLG.xlsx,
Summit_Activate_145287_P3_M04_D15_Post_BTLG.xlsx,
JobScheduled_Daily_PreEOD.xlsx,Needed for 153191 TC
JobScheduled_Daily_EOD.xlsx,
JobScheduled_Daily_EOD_Soc2.xlsx, 
#JobScheduled_Daily_StartOfDay.xlsx,
JobCommon_XVAL_Phase1.xlsx,
Summit_Activate_145287_P4_M04_D30_Post_XVAL.xlsx,
#JobScheduled_Daily_PreEOD.xlsx,
Summit_Society_Dates_For_Jobs.xlsx,
Summit_Society_Dates_For_Jobs_Soc2.xlsx,
JobScheduled_Daily_EOD.xlsx,
JobScheduled_Daily_EOD_Soc2.xlsx, 
JobScheduled_Quarterly_FirstDayOfQuarter.xlsx,
#JobScheduled_Daily_StartOfDay.xlsx,
#JobScheduled_Daily_PreEOD.xlsx,
Summit_Activate_145425_P3_M05_D01_Post_MLER.xlsx,
Summit_Activate_145286_P1_M05_D01.xlsx,
Summit_Activate_145286_P2_M05_D01.xlsx,
Summit_Activate_145294_P1_M05_D01.xlsx,
Summit_Activate_145294_P2_M05_D01.xlsx,
Summit_Activate_145295_P1_M05_D01.xlsx,
Summit_Activate_145295_P2_M05_D01.xlsx,
JobScheduled_Daily_EOD.xlsx,
JobScheduled_Daily_EOD_Soc2.xlsx, 
#JobScheduled_Daily_StartOfDay.xlsx,
#JobScheduled_Monthly_MidOfMonth.xlsx,
#JobScheduled_Daily_PreEOD.xlsx,
JobScheduled_Daily_EOD.xlsx,
JobScheduled_Daily_EOD_Soc2.xlsx, 
#JobScheduled_Daily_StartOfDay.xlsx,
#JobScheduled_Daily_PreEOD.xlsx,
Summit_Society_Dates_For_Jobs.xlsx,
Summit_Society_Dates_For_Jobs_Soc2.xlsx,
JobScheduled_Daily_EOD.xlsx,
JobScheduled_Daily_EOD_Soc2.xlsx, 
JobScheduled_Monthly_FirstDayOfMonth.xlsx,
#JobScheduled_Daily_StartOfDay.xlsx,
#JobScheduled_Daily_PreEOD.xlsx,
Summit_Activate_145293_P1_M06_D01.xlsx,
JobCommon_BTLX_Phase1.xlsx,
Summit_Activate_145286_P4_M06_D01_Post_BTLX.xlsx,
Summit_Activate_145294_P4_M06_D01_Post_BTLX.xlsx,
Summit_Activate_145295_P4_M06_D01_Post_BTLX.xlsx,
JobScheduled_Daily_EOD.xlsx,
JobScheduled_Daily_EOD_Soc2.xlsx, 
#JobScheduled_Daily_StartOfDay.xlsx,
JobCommon_BTLX_ReExtract_Phase1.xlsx,
Summit_Activate_145286_P6_M06_D15_Post_BTLX_ReExtract.xlsx,
Summit_Activate_145294_P6_M06_D15_Post_BTLX_ReExtract.xlsx,
Summit_Activate_145295_P6_M06_D15_Post_BTLX_ReExtract.xlsx,
Summit_Activate_145295_P7_M06_D15.xlsx,
#JobScheduled_Monthly_MidOfMonth.xlsx,
#JobScheduled_Daily_PreEOD.xlsx,
JobScheduled_Daily_EOD.xlsx,
JobScheduled_Daily_EOD_Soc2.xlsx,
#JobScheduled_Daily_StartOfDay.xlsx,
#JobScheduled_Daily_PreEOD.xlsx,
Summit_Society_Dates_For_Jobs.xlsx,
Summit_Society_Dates_For_Jobs_Soc2.xlsx,
JobScheduled_Daily_EOD.xlsx,
JobScheduled_Daily_EOD_Soc2.xlsx,
JobScheduled_Monthly_FirstDayOfMonth.xlsx,
#JobScheduled_Daily_StartOfDay.xlsx,
#JobScheduled_Daily_PreEOD.xlsx,
Summit_Activate_145288_P1_M07_D01.xlsx,
Summit_Activate_145288_P2_M07_D01.xlsx,
JobScheduled_Daily_EOD.xlsx,
JobScheduled_Daily_EOD_Soc2.xlsx,
#JobScheduled_Daily_StartOfDay.xlsx,
#JobScheduled_Monthly_MidOfMonth.xlsx,
#JobScheduled_Daily_PreEOD.xlsx,
JobScheduled_Daily_EOD.xlsx,
JobScheduled_Daily_EOD_Soc2.xlsx,
#JobScheduled_Daily_StartOfDay.xlsx,
#JobScheduled_Daily_PreEOD.xlsx,
Summit_Society_Dates_For_Jobs.xlsx,
Summit_Society_Dates_For_Jobs_Soc2.xlsx,
JobScheduled_Daily_EOD.xlsx,
JobScheduled_Daily_EOD_Soc2.xlsx,
JobScheduled_Quarterly_FirstDayOfQuarter.xlsx,
#JobScheduled_Daily_StartOfDay.xlsx,
#JobScheduled_Daily_PreEOD.xlsx,
JobCommon_BTLX_Phase2.xlsx,
Summit_Activate_145288_P4_M08_D01_Post_BTLX.xlsx,
JobScheduled_Daily_EOD.xlsx,
JobScheduled_Daily_EOD_Soc2.xlsx,
#JobScheduled_Daily_StartOfDay.xlsx,
#JobScheduled_Monthly_MidOfMonth.xlsx,
#JobScheduled_Daily_PreEOD.xlsx,
JobCommon_BTLX_ReExtract_Phase2.xlsx,
Summit_Activate_145288_P6_M08_D15_Post_BTLX_ReExtract.xlsx,
JobScheduled_Daily_EOD.xlsx,
JobScheduled_Daily_EOD_Soc2.xlsx,
JobScheduled_Daily_StartOfDay.xlsx,
JobScheduled_Daily_PreEOD.xlsx,
Summit_Society_Dates_For_Jobs.xlsx,
Summit_Society_Dates_For_Jobs_Soc2.xlsx,
JobScheduled_Daily_EOD.xlsx,
JobScheduled_Daily_EOD_Soc2.xlsx,
JobScheduled_Monthly_FirstDayOfMonth.xlsx,
#JobScheduled_Daily_StartOfDay.xlsx,
#JobScheduled_Daily_PreEOD.xlsx,
Job_BTLX_145293_P2_M09_D01.xlsx,
Summit_Activate_145293_P3_M09_D01_Post_BTLX.xlsx,
JobScheduled_Daily_EOD.xlsx,
#JobScheduled_Daily_StartOfDay.xlsx,
Job_BTLG_145293_P4_M09_D15.xlsx,
#JobScheduled_Monthly_MidOfMonth.xlsx,
#JobScheduled_Daily_PreEOD.xlsx,
Summit_Activate_145293_P5_M09_D15_Post_BTLG.xlsx,
JobScheduled_Daily_EOD.xlsx,
Job_XVAL_145293_P6_M09_D30.xlsx,
#JobScheduled_Daily_StartOfDay.xlsx,
#JobScheduled_Daily_PreEOD.xlsx,
Summit_Activate_145293_P7_M09_D30_Post_XVAL.xlsx,
Summit_Society_Dates_For_Jobs.xlsx,
JobScheduled_Daily_EOD.xlsx,
JobScheduled_Monthly_FirstDayOfMonth.xlsx,
#JobScheduled_Daily_StartOfDay.xlsx,
#JobScheduled_Daily_PreEOD.xlsx,
JobScheduled_Daily_EOD.xlsx,
#JobScheduled_Daily_StartOfDay.xlsx,
#JobScheduled_Monthly_MidOfMonth.xlsx,
#JobScheduled_Daily_PreEOD.xlsx,
JobScheduled_Daily_EOD.xlsx,
#JobScheduled_Daily_StartOfDay.xlsx,
#JobScheduled_Daily_PreEOD.xlsx,
Summit_Society_Dates_For_Jobs.xlsx,
JobScheduled_Daily_EOD.xlsx,
JobScheduled_Quarterly_FirstDayOfQuarter.xlsx,
#JobScheduled_Daily_StartOfDay.xlsx,
#JobScheduled_Daily_PreEOD.xlsx,
JobScheduled_Daily_EOD.xlsx,
#JobScheduled_Daily_StartOfDay.xlsx,
#JobScheduled_Monthly_MidOfMonth.xlsx,
#JobScheduled_Daily_PreEOD.xlsx,
JobScheduled_Daily_EOD.xlsx,
JobScheduled_Daily_StartOfDay.xlsx,
JobScheduled_Daily_PreEOD.xlsx,
Summit_Society_Dates_For_Jobs.xlsx,
JobScheduled_Daily_EOD.xlsx,
JobScheduled_Monthly_FirstDayOfMonth.xlsx,
JobScheduled_Daily_StartOfDay.xlsx,
Summit_Activate_145292_P1_M12_D01.xlsx,
JobScheduled_Daily_PreEOD.xlsx,
JobScheduled_Daily_EOD.xlsx,
JobScheduled_Daily_StartOfDay.xlsx,
JobScheduled_Monthly_MidOfMonth.xlsx,
JobScheduled_Daily_PreEOD.xlsx,
JobScheduled_Daily_EOD.xlsx,
JobScheduled_Daily_StartOfDay.xlsx,
JobScheduled_Daily_PreEOD.xlsx,
Summit_Society_Dates_For_Jobs.xlsx,
JobScheduled_Daily_EOD.xlsx,
JobScheduled_Monthly_FirstDayOfMonth.xlsx,
JobScheduled_Daily_StartOfDay.xlsx,
JobScheduled_Daily_PreEOD.xlsx,
JobScheduled_Daily_EOD.xlsx,
JobScheduled_Daily_StartOfDay.xlsx,
JobScheduled_Monthly_MidOfMonth.xlsx,
JobScheduled_Daily_PreEOD.xlsx,
JobScheduled_Daily_EOD.xlsx,
JobScheduled_Daily_StartOfDay.xlsx,
JobScheduled_Daily_PreEOD.xlsx,
Summit_Society_Dates_For_Jobs.xlsx,
JobScheduled_Daily_EOD.xlsx,
JobScheduled_Yearly_FirstDayOfYear.xlsx,
JobScheduled_Daily_StartOfDay.xlsx,
JobScheduled_Daily_PreEOD.xlsx,
JobScheduled_Daily_EOD.xlsx,
JobScheduled_Daily_StartOfDay.xlsx,
JobScheduled_Monthly_MidOfMonth.xlsx,
JobScheduled_Daily_PreEOD.xlsx,
JobScheduled_Daily_EOD.xlsx,
#JobScheduled_Daily_StartOfDay.xlsx,
#JobScheduled_Daily_PreEOD.xlsx,
Summit_Society_Dates_For_Jobs.xlsx,
JobScheduled_Daily_EOD.xlsx,
JobScheduled_Monthly_FirstDayOfMonth.xlsx,
#JobScheduled_Daily_StartOfDay.xlsx,
#JobScheduled_Daily_PreEOD.xlsx,
JobScheduled_Daily_EOD.xlsx,
#JobScheduled_Daily_StartOfDay.xlsx,
#JobScheduled_Monthly_MidOfMonth.xlsx,
#JobScheduled_Daily_PreEOD.xlsx,
JobScheduled_Daily_EOD.xlsx,
#JobScheduled_Daily_StartOfDay.xlsx,
#JobScheduled_Daily_PreEOD.xlsx,
Summit_Society_Dates_For_Jobs.xlsx,
JobScheduled_Daily_EOD.xlsx,
JobScheduled_Monthly_FirstDayOfMonth.xlsx,
#JobScheduled_Daily_StartOfDay.xlsx,
Job_BTLX_145292_P2_M16_D01.xlsx,
Summit_Activate_145292_P3_M16_D01_Post_BTLX.xlsx,
#JobScheduled_Daily_PreEOD.xlsx,
JobScheduled_Daily_EOD.xlsx,
#JobScheduled_Daily_StartOfDay.xlsx,
#JobScheduled_Monthly_MidOfMonth.xlsx,
Job_BTLG_145292_P4_M16_D15.xlsx,
Summit_Activate_145292_P5_M16_D15_Post_BTLG.xlsx,
#JobScheduled_Daily_PreEOD.xlsx,
JobScheduled_Daily_EOD.xlsx,
#JobScheduled_Daily_StartOfDay.xlsx,
Job_XVAL_145292_P6_M16_D30.xlsx,
Summit_Activate_145292_P7_M16_D30_Post_XVAL.xlsx,
