Summit_145736.xlsx,
Summit_145094.xlsx,
Summit_145097.xlsx,
Summit_145110.xlsx,
Activate_145556.xlsx,
Activate_145171.xlsx,
Activate_145189.xlsx,
Summit_145089_P1.xlsx,
Summit_146600_P1.xlsx,Failing in MSS5.5
Summit_145737_P1.xlsx,
Summit_146782_P1.xlsx,
Summit_147102_P1.xlsx,
Summit_147098_P1.xlsx,
Summit_147098_P2_M01_D01.xlsx,
Summit_145089_P2_M01_D01.xlsx,
Summit_145737_P2_M01_D01.xlsx,
Job_BDI_147102_P2_M01_D01.xlsx,
Summit_147102_P3_M01_D01.xlsx,
Job_IRC_145737_P3_M01_D01.xlsx,
Summit_145737_P4_M01_D01_Post_IRC.xlsx,
Summit_146782_P2_M01_D01.xlsx,
Job_XTDOWN_146782_P3_M01_D01.xlsx,
Summit_146782_P4_M01_D01_Post_XTDOWN.xlsx,
Job_XTVAL_146782_P5_M01_D01.xlsx,
Summit_146782_P6_M01_D01_Post_XTVAL.xlsx,
Job_XTP_146782_P7_M01_D01.xlsx,
Summit_146782_P8_M01_D01_Post_XTP.xlsx,
JobScheduled_Daily_PreEOD.xlsx,
JobScheduled_Daily_EOD.xlsx,
JobScheduled_Daily_EOD_Soc2.xlsx,
JobScheduled_Daily_StartOfDay.xlsx,
JobScheduled_Monthly_MidOfMonth.xlsx,
Summit_145089_P3_M01_D15.xlsx,
Summit_146600_P2_M01_D15.xlsx,Failing in MSS5.5
JobCommon_DEBR_Soc1.xlsx,
Summit_145089_P5_M01_D15_Post_DEBR.xlsx,
JobScheduled_Daily_PreEOD.xlsx,
JobScheduled_Daily_EOD.xlsx,
JobScheduled_Daily_EOD_Soc2.xlsx,
JobScheduled_Daily_StartOfDay.xlsx,
JobScheduled_Daily_PreEOD.xlsx,
Summit_Society_Dates_For_Jobs.xlsx,
Summit_Society_Dates_For_Jobs_Soc2.xlsx,
JobScheduled_Daily_EOD.xlsx,
JobScheduled_Daily_EOD_Soc2.xlsx,
JobScheduled_Yearly_FirstDayOfYear.xlsx,
JobScheduled_Daily_StartOfDay.xlsx,
JobCommon_HMS17R_Soc1_DelPrevYearDataY.xlsx,
Summit_147098_P4_M02_D01_Post_HMS17R.xlsx,
JobCommon_HMS17R_Soc1_DelPrevYearDataY.xlsx,
Summit_147098_P6_M02_D01_Post_HMS17R.xlsx,
JobScheduled_Daily_PreEOD.xlsx,
JobScheduled_Daily_EOD.xlsx,
JobScheduled_Daily_EOD_Soc2.xlsx,
JobScheduled_Daily_StartOfDay.xlsx,
JobScheduled_Monthly_MidOfMonth.xlsx,
JobScheduled_Daily_PreEOD.xlsx,
JobScheduled_Daily_EOD.xlsx,
JobScheduled_Daily_EOD_Soc2.xlsx,
JobScheduled_Daily_StartOfDay.xlsx,
JobScheduled_Daily_PreEOD.xlsx,
Summit_Society_Dates_For_Jobs.xlsx,
Summit_Society_Dates_For_Jobs_Soc2.xlsx,
JobScheduled_Daily_EOD.xlsx,
JobScheduled_Daily_EOD_Soc2.xlsx,
JobScheduled_Monthly_FirstDayOfMonth.xlsx,
JobScheduled_Daily_StartOfDay.xlsx,
JobScheduled_Daily_PreEOD.xlsx,
JobScheduled_Daily_EOD.xlsx,
JobScheduled_Daily_EOD_Soc2.xlsx,
JobScheduled_Daily_StartOfDay.xlsx,
JobScheduled_Monthly_MidOfMonth.xlsx,
JobScheduled_Daily_PreEOD.xlsx,
JobScheduled_Daily_EOD.xlsx,
JobScheduled_Daily_EOD_Soc2.xlsx,
JobScheduled_Daily_StartOfDay.xlsx,
Summit_154385_P1_M03_D30_TFI_Sanity.xlsx,
Summit_154385_P2_M03_D30_HMROIV_Sanity.xlsx,
Summit_154385_P3_M03_D30_SIAADC_Sanity.xlsx,
Summit_154385_P4_M03_D30_NSPI_Sanity.xlsx,
Summit_154385_P5_M03_D30_HPII_Sanity.xlsx,
Summit_154385_P6_M03_D30_INMDFC_Sanity.xlsx,
Summit_154385_P7_M03_D30_DCEX_Sanity.xlsx,
Summit_154385_P8_M03_D30_SIAEMD_Sanity.xlsx,
