Summit_158305_P1.xlsx,
Summit_158305_P2_M01_D01.xlsx,
Summit_158276_P1.xlsx,
Summit_158276_P2_M01_D01.xlsx,
Summit_158277_P1.xlsx,
Summit_158277_P2_M01_D01.xlsx,
Summit_158280_P1.xlsx,
Summit_158280_P2_M01_D01.xlsx,
Summit_158289_P1.xlsx,
Summit_158289_P2_M01_D01.xlsx,
Summit_158292_P1.xlsx,
Summit_158294_P1.xlsx,
Summit_158294_P2_M01_D01.xlsx,
Summit_158295_P1.xlsx,
Summit_158295_P2_M01_D01.xlsx,
Summit_158297_P1.xlsx,
Summit_158297_P2_M01_D01.xlsx,
Summit_158299_P1.xlsx,
Summit_158299_P2_M01_D01.xlsx,
Summit_158302_P1.xlsx,
Summit_158302_P2_M01_D01.xlsx,
Summit_158304_P1.xlsx,
Summit_158304_P2_M01_D01.xlsx,
Summit_158306_P1.xlsx,
Summit_158306_P2_M01_D01.xlsx,
Summit_158307_P1.xlsx,
Summit_158307_P2_M01_D01.xlsx,
Summit_158354_P1.xlsx,
Summit_158354_P2_M01_D01.xlsx,
Summit_158355_P1.xlsx,
Summit_158355_P2_M01_D01.xlsx,
Summit_158357_P1.xlsx,
Summit_158357_P2_M01_D01.xlsx,
Summit_158368_P1.xlsx,
Summit_158368_P2_M01_D01.xlsx,
Summit_158369_P1.xlsx,
Summit_158369_P2_M01_D01.xlsx,
JobScheduled_Daily_PreEOD.xlsx,
JobScheduled_Daily_EOD.xlsx,
JobScheduled_Daily_EOD_Soc2.xlsx,
JobScheduled_Daily_StartOfDay.xlsx,
JobScheduled_Monthly_MidOfMonth.xlsx,
Summit_158305_P3_M01_D15.xlsx,
Summit_158277_P3_M01_D15.xlsx,
Summit_158280_P3_M01_D15.xlsx,
Summit_158289_P3_M01_D15.xlsx,
Summit_158294_P3_M01_D15.xlsx,
Summit_158295_P3_M01_D15.xlsx,
Job_BCAS_158297_P3_M01_D15.xlsx,
Summit_158297_P4_M01_D15_Post_BCAS.xlsx,
Summit_158299_P3_M01_D15.xlsx,
Summit_158369_P3_M01_D15.xlsx,
JobCommon_OMYP_Soc1.xlsx,
Summit_158276_P4_M01_D15_Post_OMYP.xlsx,
Summit_158302_P4_M01_D15_Post_OMYP.xlsx,
Summit_158304_P4_M01_D15_Post_OMYP.xlsx,
Summit_158306_P4_M01_D15_Post_OMYP.xlsx,
Summit_158307_P4_M01_D15_Post_OMYP.xlsx,
Summit_158355_P4_M01_D15_Post_OMYP.xlsx,
Summit_158357_P4_M01_D15_Post_OMYP.xlsx,
Job_BCAS_158357_P5_M01_D15.xlsx,
Summit_158357_P6_M01_D15_Post_BCAS.xlsx,
Summit_158368_P4_M01_D15_Post_OMYP.xlsx,
Job_BCAS_158368_P5_M01_D15.xlsx,
Summit_158368_P6_M01_D15_Post_BCAS.xlsx,
Job_BCAS_158369_P4_M01_D15.xlsx,
Summit_158369_P5_M01_D15_Post_BCAS.xlsx,
JobScheduled_Daily_PreEOD.xlsx,
JobScheduled_Daily_EOD.xlsx,
JobScheduled_Daily_EOD_Soc2.xlsx,
JobScheduled_Daily_StartOfDay.xlsx,
Summit_158305_P4_M01_D30.xlsx,
Summit_158289_P4_M01_D30.xlsx,
Job_RCRC_M01_D30_158292.xlsx,
Summit_158292_P3_M01_D30_Post_RCRC.xlsx,
Summit_158294_P4_M01_D30.xlsx,
Summit_158276_P5_M01_D30.xlsx,
Summit_158306_P5_M01_D30.xlsx,
Summit_158307_P5_M01_D30.xlsx,
Summit_158355_P5_M01_D30.xlsx,
JobScheduled_Daily_PreEOD.xlsx,
Summit_Society_Dates_For_Jobs.xlsx,
Summit_Society_Dates_For_Jobs_Soc2.xlsx,
JobScheduled_Daily_EOD.xlsx,
JobScheduled_Daily_EOD_Soc2.xlsx,
JobScheduled_Yearly_FirstDayOfYear.xlsx,
JobScheduled_Daily_StartOfDay.xlsx,
Summit_158292_P4_M02_D01.xlsx,
JobScheduled_Daily_PreEOD.xlsx,
JobScheduled_Daily_EOD.xlsx,
JobScheduled_Daily_EOD_Soc2.xlsx,
JobScheduled_Daily_StartOfDay.xlsx,
JobScheduled_Monthly_MidOfMonth.xlsx,
Summit_158354_P3_M02_D15.xlsx,
