JobScheduled_Monthly_FirstDayOfMonth.xlsx,
JobScheduled_Daily_StartOfDay.xlsx,
Summit_FWPLM_Doc_Setup.xlsx,MailMerge Setup required once for each test-environment
Summit_145089_P1.xlsx,
Summit_145703_P1.xlsx,
Summit_145743_P1.xlsx,
Summit_145756_P1.xlsx,
Summit_145089_P2_M01_D01.xlsx,
JobScheduled_Daily_PreEOD.xlsx,
JobScheduled_Daily_EOD.xlsx,
JobScheduled_Daily_StartOfDay.xlsx,
JobScheduled_Monthly_MidOfMonth.xlsx,
Summit_145089_P3_M01_D15.xlsx,
JobCommon_DEBR_Soc1.xlsx,
Summit_145089_P5_M01_D15_Post_DEBR.xlsx,
JobScheduled_Daily_PreEOD.xlsx,
JobScheduled_Daily_EOD.xlsx,
JobScheduled_Daily_StartOfDay.xlsx,
JobScheduled_Daily_PreEOD.xlsx,
Summit_Society_Dates_For_Jobs.xlsx,
JobScheduled_Daily_EOD.xlsx,
JobScheduled_Yearly_FirstDayOfYear.xlsx,
JobScheduled_Daily_StartOfDay.xlsx,
Summit_145703_P2_M02_D01_Post_ARD.xlsx,
Summit_145743_P2_M02_D01_Post_INPD.xlsx,
Summit_145756_P2_M02_D01_Post_INPD.xlsx,
JobScheduled_Daily_PreEOD.xlsx,
JobScheduled_Daily_EOD.xlsx,
JobScheduled_Daily_StartOfDay.xlsx,
JobScheduled_Monthly_MidOfMonth.xlsx,
Summit_145703_P3_M02_D15_Post_FMEXT.xlsx,
Summit_145703_P4_M02_D15_Post_FMBACS.xlsx,
Summit_145703_P5_M02_D15_Post_FMPOST.xlsx,
JobScheduled_Daily_PreEOD.xlsx,
JobScheduled_Daily_EOD.xlsx,
JobScheduled_Daily_StartOfDay.xlsx,
Summit_145703_P6_M02_D30_Post_FMEXT.xlsx,
Summit_145703_P7_M02_D30_Post_FMBACS.xlsx,
Summit_145703_P8_M02_D30_Post_FMPOST.xlsx,
