Summit_Activate_154211_P1.xlsx,PSD
Summit_Activate_154212_P1.xlsx,PSD
Summit_Activate_154212_P2_M01_D01.xlsx,PSD
Summit_Activate_154212_P3_M01_D01.xlsx,PSD
Summit_Activate_154212_P4_M01_D01.xlsx,PSD
Summit_Activate_154213_P1.xlsx,PSD
Summit_Activate_154214_P1.xlsx,PSD
Summit_Activate_154217_P1.xlsx,PSD
Summit_Activate_154218_P1.xlsx,PSD
Summit_Activate_154219_P1.xlsx,PSD
Summit_Activate_154220_P1.xlsx,PSD
Summit_Activate_154222_P1.xlsx,PSD
Summit_Activate_154224_P1.xlsx,PSD
#Summit_Activate_154225_P1.xlsx,PSD
Summit_Activate_154226_P1.xlsx,PSD
Summit_Activate_154227_P1.xlsx,PSD
Summit_Activate_154228_P1.xlsx,PSD
#Summit_Activate_154229_P1.xlsx,PSD
#Summit_Activate_154230_P1.xlsx,PSD
Summit_Activate_154331_P1.xlsx,PSD
Summit_Activate_154335_P1.xlsx,PSD
Summit_Activate_154336_P1.xlsx,PSD
Summit_Activate_154337_P1.xlsx,PSD
Summit_Activate_154338_P1.xlsx,PSD
Summit_Activate_154339_P1.xlsx,PSD
JobCommon_PSDSEC_Soc1_Format3.xlsx,PSD
Summit_Activate_154211_P3_M01_D01_Post_PSDSEC.xlsx,PSD
Summit_Activate_154212_P6_M01_D01_Post_PSDSEC.xlsx,PSD
Summit_Activate_154212_P7_M01_D01_Post_PSDSEC.xlsx,PSD
Summit_Activate_154212_P8_M01_D01_Post_PSDSEC.xlsx,PSD
Summit_Activate_154213_P3_M01_D01_Post_PSDSEC.xlsx,PSD
Summit_Activate_154214_P3_M01_D01_Post_PSDSEC.xlsx,PSD
Summit_Activate_154217_P3_M01_D01_Post_PSDSEC.xlsx,PSD
Summit_Activate_154227_P3_M01_D01_Post_PSDSEC.xlsx,PSD
Summit_Activate_154219_P3_M01_D01_Post_PSDSEC.xlsx,PSD
Summit_Activate_154220_P3_M01_D01_Post_PSDSEC.xlsx,PSD
Summit_Activate_154226_P3_M01_D01_Post_PSDSEC.xlsx,PSD
Summit_Activate_154228_P3_M01_D01_Post_PSDSEC.xlsx,PSD
Summit_Activate_154331_P3_M01_D01_Post_PSDSEC.xlsx,PSD
Summit_Activate_154335_P3_M01_D01_Post_PSDSEC.xlsx,PSD
#Summit_Activate_154225_P3_M01_D01_Post_PSDSEC.xlsx,PSD
Summit_Activate_154336_P3_M01_D01_Post_PSDSEC.xlsx,PSD
#Summit_Activate_154229_P3_M01_D01_Post_PSDSEC.xlsx,PSD
Summit_Activate_154224_P3_M01_D01_Post_PSDSEC.xlsx,PSD
#Summit_Activate_154230_P3_M01_D01_Post_PSDSEC.xlsx,PSD
Summit_Activate_154339_P3_M01_D01_Post_PSDSEC.xlsx,PSD
Summit_Activate_154337_P3_M01_D01_Post_PSDSEC.xlsx,PSD
Summit_Activate_154222_P3_M01_D01_Post_PSDSEC.xlsx,PSD
Summit_Activate_154338_P3_M01_D01_Post_PSDSEC.xlsx,PSD
Summit_Activate_154218_P3_M01_D01_Post_PSDSEC.xlsx,PSD
Summit_Activate_154228_P4_M01_D01.xlsx,PSD
JobScheduled_Daily_EOD.xlsx,
Summit_Activate_154211_P4_M01_D15.xlsx,PSD
Summit_Activate_154213_P4_M01_D15.xlsx,PSD
Summit_Activate_154214_P4_M01_D15.xlsx,PSD
Summit_Activate_154217_P4_M01_D15.xlsx,PSD
Summit_Activate_154218_P4_M01_D15.xlsx,PSD
Summit_Activate_154219_P4_M01_D15.xlsx,PSD
Summit_Activate_154222_P4_M01_D15.xlsx,PSD
Summit_Activate_154224_P4_M01_D15.xlsx,PSD
Summit_Activate_154338_P4_M01_D15.xlsx,PSD
JobCommon_PSDSEC_Soc1_Format3.xlsx,PSD
Summit_Activate_154211_P6_M01_D15_Post_PSDSEC.xlsx,PSD
Summit_Activate_154213_P6_M01_D15_Post_PSDSEC.xlsx,PSD
Summit_Activate_154214_P6_M01_D15_Post_PSDSEC.xlsx,PSD
Summit_Activate_154217_P6_M01_D15_Post_PSDSEC.xlsx,PSD
Summit_Activate_154219_P6_M01_D15_Post_PSDSEC.xlsx,PSD
Summit_Activate_154218_P6_M01_D15_Post_PSDSEC.xlsx,PSD
Summit_Activate_154224_P6_M01_D15_Post_PSDSEC.xlsx,PSD
Summit_Activate_154228_P6_M01_D15_Post_PSDSEC.xlsx,PSD
JobScheduled_Daily_EOD.xlsx,
Summit_Activate_154211_P7_M01_D30.xlsx,PSD
Summit_Activate_154218_P7_M01_D30.xlsx,PSD
Summit_Activate_154222_P7_M01_D30.xlsx,PSD
Summit_Activate_154220_P4_M01_D30.xlsx,PSD
Summit_Activate_154226_P4_M01_D30.xlsx,PSD
JobCommon_PSDSEC_Soc1_Format3.xlsx,PSD
Summit_Activate_154211_P9_M01_D30_Post_PSDSEC.xlsx,PSD
Summit_Activate_154218_P9_M01_D30_Post_PSDSEC.xlsx,PSD
Summit_Activate_154226_P6_M01_D30_Post_PSDSEC.xlsx,PSD
Summit_Activate_154220_P6_M01_D30_Post_PSDSEC.xlsx,PSD
Summit_Activate_154222_P9_M01_D30_Post_PSDSEC.xlsx,PSD
JobScheduled_Daily_EOD.xlsx,
JobScheduled_Daily_EOD.xlsx,
Summit_Activate_154339_P4_M02_D15.xlsx,PSD
JobCommon_PSDSEC_Soc1_Format3.xlsx,PSD
Summit_Activate_154339_P6_M02_D15_Post_PSDPEC.xlsx,PSD
JobScheduled_Daily_EOD.xlsx,
JobScheduled_Daily_EOD.xlsx,
JobScheduled_Daily_EOD.xlsx,
JobScheduled_Daily_EOD.xlsx,
JobScheduled_Daily_EOD.xlsx,
JobScheduled_Daily_EOD.xlsx,
JobScheduled_Daily_EOD.xlsx,
Summit_Activate_154211_P10_M04_D30.xlsx,PSD
JobCommon_PSDSEC_Soc1_Format3.xlsx,PSD
Summit_Activate_154211_P12_M04_D30_Post_PSDSEC.xlsx,PSD
#JobScheduled_Daily_EOD.xlsx,
#JobScheduled_Daily_EOD.xlsx,
#JobScheduled_Daily_EOD.xlsx,
#JobScheduled_Daily_EOD.xlsx,
#JobScheduled_Daily_EOD.xlsx,
#JobScheduled_Daily_EOD.xlsx,
#JobScheduled_Daily_EOD.xlsx,
#Summit_Activate_154225_P3_M07_D01_Post_PSDSEC.xlsx,PSD
