Summit_144874.xlsx,LICENSE
Summit_144960.xlsx,LICENSE
Summit_144977.xlsx,LICENSE
Summit_146798.xlsx,LICENSE
Summit_144631.xlsx,CALL
Summit_144632.xlsx,CALL
Summit_144917.xlsx,LICENSE
Summit_144953.xlsx,LICENSE
Summit_145010.xlsx,CALL
Summit_145012.xlsx,CALL
Summit_145129.xlsx,CALL
Summit_146708.xlsx,
Summit_144908.xlsx,SDM Config
Summit_145250_P1.xlsx,145201 is added here as it is related to License with Job execution
Summit_145250_P2_M1_D1.xlsx,LICENSE
Summit_144373_P1.xlsx,
Jobs_Daily_EOD.xlsx,
Summit_145250_P3_M1_D15.xlsx,
Summit_144373_P2_Pre_LIBC.xlsx,SDM Config
Job_LIBC_M1_D15.xlsx,
Summit_144373_P3_Post_LIBC.xlsx,
Jobs_Daily_EOD.xlsx,
Job_ARD_M1_D30_145250.xlsx,
Summit_145250_P4_M1_D30_Post_ARD.xlsx,
Summit_144933.xlsx,
Summit_144932.xlsx,
Summit_144934.xlsx,
Summit_144938.xlsx,
Job_ISAPON_Generic.xlsx,
Summit_147725_P1_M1_D1_Post_ISAPON.xlsx,This is due to running ISAPON Job which makes ISA Portfolio Active and it cannot be reversed without deleting the date from DB
